id;contact_name;contact_phone_number;contact_email_id;first_name;last_name
1;Sausages invoice;Industrial real-time;Cotton Shoal;Jayden;Collins
2;intermediate JBOD viral;Assimilated;Berkshire indigo;Dovie;Gerlach
3;copy;virtual Chips Central;programming Coordinator Rubber;Kiara;Towne
4;Cambridgeshire Cross-group;Garden;Nauru;Jevon;Trantow
5;Barbados implement;attitude Investor impactful;methodologies bleeding-edge;Hailee;Goldner
6;Jamaica GB Djibouti;Vermont;transform PCI digital;Arthur;Larkin
7;black Handmade;Division Checking experiences;Tennessee;Markus;Boyle
8;Azerbaijan Fish;bandwidth;quantify Health;Javier;Koch
9;Courts;circuit Refined reboot;solution-oriented Brand navigate;Ruthie;Lebsack
10;Pizza online;Sleek Carolina Implementation;initiatives;Trevor;Powlowski
