id;payment_id;href;name;payment_amount;action;status;enrol_recurring
1;4636;Republic Bedfordshire;Nicaragua;16696;Rubber;Afghanistan;redundant
2;87588;Salad Communications;Public-key Ohio;7216;help-desk Interactions Virginia;Division France;Krona SQL Bacon
3;86838;intuitive copying;sticky;95046;transmit;Bike Terrace;function
4;19217;JBOD;invoice static;92610;Lodge;Cotton Fresh Rubber;Malawi District transmitter
5;39115;Mountain pink;capacitor;14133;connecting Mountains transmitter;Mouse;empowering Pizza Borders
6;81653;Movies Shirt Canyon;Cambridgeshire;37757;Assistant;Assimilated protocol bluetooth;Gorgeous
7;69817;Tactics Panama;Kwacha Metal Nebraska;53787;Home Loan actuating;white leading-edge;application 1080p
8;52764;Music;Gloves Islands back-end;99335;Refined hack;Loan;digital
9;48942;Circle;Representative transmitting Toys;99076;invoice withdrawal application;Portugal grey;withdrawal Tunnel Chips
10;30690;virtual Tasty initiative;Solutions Account magnetic;72326;Tactics benchmark Tunisia;Program;Principal logistical initiatives
