id;href;name;product_guid
1;Tuna Orchestrator;HDD compressing;override mobile bluetooth
2;Re-engineered migration;of approach Ways;mesh District
3;Solutions Arkansas;connect;Litas Unbranded
4;mesh violet Switchable;Awesome;North
5;5th circuit Tools;Movies Granite withdrawal;Cotton invoice target
6;deposit State);Cambridgeshire;Fantastic EXE Forest
7;Colorado;facilitate;Global Loan
8;monitor Distributed;interfaces;transmit
9;calculating parsing Usability;Keyboard Dollar Concrete;mobile Movies
10;withdrawal;District yellow;Auto
