id;name;href;cart_price_id;billing_account_id;billing_system;delivery_method;billing_address;status;quote_id;sales_order_id
1;Intelligent payment;Fantastic;70304;46766;3rd Causeway conglomeration;Yuan;Leu Licensed;Legacy Buckinghamshire utilisation;32777;99018
2;synthesizing Metal;Health platforms;36436;23342;Chicken Centralized compress;connecting Security Executive;TCP Infrastructure;Station TCP green;21810;60256
3;Agent;invoice synthesize Intranet;10325;33010;wireless bricks-and-clicks;Analyst firmware optical;Utah;Associate value-added;1489;40801
4;Ergonomic monetize;Investment;1686;79927;Optimized CSS Senior;Pizza;U.S. Engineer;plum Multi-channelled Account;87227;24764
5;Guam Producer Team-oriented;hacking backing metrics;23426;68419;USB Rubber;FTP up;protocol;expedite;55588;61404
6;moderator Cheese;Fork e-business Pants;59691;12235;Phased Executive;Assistant indexing;Sleek XSS;implementation CSS;73757;8390
7;Engineer Kids Account;maroon red Regional;4246;21799;Tasty Phased;Tools supply-chains;Checking Turkmenistan Books;capability;39086;78339
8;radical;PCI PNG Gloves;28184;13576;multi-state;Granite Fields invoice;Account;generate functionalities web-enabled;97503;51053
9;Health bypass;invoice;81900;71820;Technician;Account intangible;Licensed Maryland Baby;navigate;7853;50109
10;Sausages copying;generating Investor;98338;72990;process Drives Technician;uniform maximized;Organic;systems bypassing PNG;49458;76050
