id;workorder_id;appointment_id;order_fulfillment_type;alternate_shipping_address;order_call_ahead_number;order_job_comments;status
1;49056;40921;Account;Dynamic compressing;Division plum;pixel Tugrik;Bedfordshire engineer
2;69896;59865;neural bus Tuna;Birr invoice Wooden;Steel Concrete Canada;Cambridgeshire;Hawaii Motorway Chicken
3;37409;79659;architecture indigo Account;Jersey policy bus;Cliff yellow deposit;synergistic policy;Web Fresh pink
4;57639;60020;wireless Account Mayotte;revolutionary Refined Concrete;Cocos;Won;support Hryvnia
5;40754;82800;withdrawal;FTP Buckinghamshire;Missouri;Fish maximize matrix;auxiliary
6;23914;26963;Computer payment deploy;driver Boliviano;state Tactics Frozen;Bedfordshire synergies Practical;Automotive
7;66046;34413;San COM Incredible;Practical;Locks;Arizona withdrawal;one-to-one Team-oriented
8;32649;28044;calculate Buckinghamshire;US Chair;supply-chains;SMS SQL;transition explicit Indian
9;45090;73864;SAS firewall;Concrete calculating out-of-the-box;neural Bedfordshire Garden;United Berkshire;Ergonomic silver
10;93266;15895;Account;Assistant;neural Forward Cotton;sensor;Washington Islands capacitor
